OTUs,Rep. Sequence
OTU_401,ATCG
OTU_12,ATCG
OTU_960,ATCG
OTU_20,ATCG
OTU_11,ATCG
OTU_6,ATCG
OTU_25,ATCG
OTU_40,ATCG
OTU_38,ATCG
OTU_39,ATCG
OTU_53,ATCG
OTU_150,ATCG
OTU_47,ATCG
OTU_34,ATCG
OTU_55,ATCG
OTU_3052,ATCG
OTU_72,ATCG
OTU_57,ATCG
OTU_89,ATCG
OTU_202,ATCG
OTU_93,ATCG
OTU_160,ATCG
OTU_78,ATCG
OTU_96,ATCG
OTU_117,ATCG
OTU_99,ATCG
OTU_121,ATCG
OTU_158,ATCG
OTU_187,ATCG
OTU_85,ATCG
OTU_157,ATCG
OTU_133,ATCG
OTU_2395,ATCG
OTU_109,ATCG
OTU_97,ATCG
OTU_143,ATCG
OTU_125,ATCG
OTU_574,ATCG
OTU_249,ATCG
OTU_122,ATCG
OTU_95,ATCG
OTU_2367,ATCG
OTU_676,ATCG
OTU_188,ATCG
OTU_162,ATCG
OTU_198,ATCG
OTU_154,ATCG
OTU_224,ATCG
OTU_221,ATCG
OTU_166,ATCG
OTU_620,ATCG
OTU_173,ATCG
OTU_145,ATCG
OTU_785,ATCG
OTU_397,ATCG
OTU_1469,ATCG
OTU_314,ATCG
OTU_3824,ATCG
OTU_566,ATCG
OTU_408,ATCG
OTU_270,ATCG
OTU_310,ATCG
OTU_573,ATCG
OTU_273,ATCG
OTU_1442,ATCG
OTU_142,ATCG
OTU_674,ATCG
OTU_258,ATCG
OTU_1713,ATCG
OTU_210,ATCG
OTU_389,ATCG
OTU_5226,ATCG
OTU_292,ATCG
OTU_230,ATCG
OTU_409,ATCG
OTU_443,ATCG
OTU_721,ATCG
OTU_294,ATCG
OTU_326,ATCG
OTU_515,ATCG
OTU_700,ATCG
OTU_668,ATCG
OTU_628,ATCG
OTU_2166,ATCG
OTU_502,ATCG
OTU_576,ATCG
OTU_501,ATCG
OTU_669,ATCG
OTU_393,ATCG
OTU_945,ATCG
OTU_3816,ATCG
OTU_636,ATCG
OTU_512,ATCG
OTU_436,ATCG
OTU_332,ATCG
OTU_1196,ATCG
OTU_777,ATCG
OTU_648,ATCG
OTU_3,ATCG
OTU_23,ATCG
OTU_101,ATCG
OTU_87,ATCG
OTU_135,ATCG
OTU_4022,ATCG
OTU_260,ATCG
OTU_572,ATCG
OTU_299,ATCG
OTU_290,ATCG
OTU_152,ATCG
OTU_2965,ATCG
OTU_307,ATCG
OTU_457,ATCG
OTU_1047,ATCG
OTU_539,ATCG
OTU_497,ATCG
OTU_522,ATCG
OTU_111,ATCG
OTU_61,ATCG
OTU_2,ATCG
OTU_176,ATCG
OTU_446,ATCG
OTU_1867,ATCG
OTU_209,ATCG
OTU_360,ATCG
OTU_286,ATCG
OTU_1371,ATCG
OTU_283,ATCG
OTU_541,ATCG
OTU_842,ATCG
OTU_858,ATCG
OTU_41,ATCG
OTU_76,ATCG
OTU_146,ATCG
OTU_695,ATCG
OTU_181,ATCG
OTU_1837,ATCG
OTU_603,ATCG
OTU_569,ATCG
OTU_256,ATCG
OTU_917,ATCG
OTU_65,ATCG
OTU_92,ATCG
OTU_1950,ATCG
OTU_115,ATCG
OTU_132,ATCG
OTU_3068,ATCG
OTU_523,ATCG
OTU_225,ATCG
OTU_100,ATCG
OTU_242,ATCG
OTU_241,ATCG
OTU_405,ATCG
OTU_3261,ATCG
OTU_601,ATCG
OTU_911,ATCG
OTU_738,ATCG
OTU_5062,ATCG
OTU_614,ATCG
OTU_2948,ATCG
OTU_958,ATCG
OTU_120,ATCG
OTU_263,ATCG
OTU_327,ATCG
OTU_441,ATCG
OTU_927,ATCG
OTU_1385,ATCG
OTU_321,ATCG
OTU_392,ATCG
OTU_207,ATCG
OTU_291,ATCG
OTU_4537,ATCG
OTU_778,ATCG
OTU_511,ATCG
OTU_386,ATCG
OTU_761,ATCG
OTU_697,ATCG
OTU_1097,ATCG
OTU_4898,ATCG
OTU_110,ATCG
OTU_600,ATCG
OTU_503,ATCG
OTU_86,ATCG
OTU_182,ATCG
OTU_4048,ATCG
OTU_421,ATCG
OTU_916,ATCG
OTU_731,ATCG
OTU_250,ATCG
OTU_81,ATCG
OTU_155,ATCG
OTU_477,ATCG
OTU_262,ATCG
OTU_4670,ATCG
OTU_835,ATCG
OTU_3058,ATCG
OTU_1237,ATCG
OTU_799,ATCG
OTU_527,ATCG
OTU_318,ATCG
OTU_279,ATCG
OTU_1197,ATCG
OTU_1065,ATCG
OTU_1776,ATCG
OTU_1863,ATCG
OTU_1748,ATCG
OTU_140,ATCG
OTU_480,ATCG
OTU_3180,ATCG
OTU_1902,ATCG
OTU_168,ATCG
OTU_612,ATCG
OTU_1259,ATCG
OTU_912,ATCG
OTU_743,ATCG
OTU_5817,ATCG
OTU_5353,ATCG
OTU_1147,ATCG
OTU_579,ATCG
OTU_302,ATCG
OTU_4858,ATCG
OTU_406,ATCG
OTU_616,ATCG
OTU_278,ATCG
OTU_2002,ATCG
OTU_5943,ATCG
OTU_367,ATCG
OTU_736,ATCG
OTU_2186,ATCG
OTU_1216,ATCG
OTU_929,ATCG
OTU_1030,ATCG
OTU_1823,ATCG
OTU_308,ATCG
OTU_1285,ATCG
OTU_532,ATCG
OTU_5,ATCG
OTU_365,ATCG
OTU_335,ATCG
OTU_500,ATCG
OTU_902,ATCG
OTU_825,ATCG
OTU_4028,ATCG
OTU_381,ATCG
OTU_595,ATCG
OTU_159,ATCG
OTU_426,ATCG
OTU_118,ATCG
OTU_1686,ATCG
OTU_379,ATCG
OTU_59,ATCG
OTU_2377,ATCG
OTU_1040,ATCG
OTU_1948,ATCG
OTU_4657,ATCG
OTU_233,ATCG
OTU_5138,ATCG
OTU_893,ATCG
OTU_741,ATCG
OTU_172,ATCG
OTU_483,ATCG
OTU_1009,ATCG
OTU_1019,ATCG
OTU_1032,ATCG
OTU_104,ATCG
OTU_1049,ATCG
OTU_105,ATCG
OTU_1084,ATCG
OTU_1094,ATCG
OTU_1142,ATCG
OTU_1163,ATCG
OTU_1345,ATCG
OTU_137,ATCG
OTU_138,ATCG
OTU_1400,ATCG
OTU_1422,ATCG
OTU_1526,ATCG
OTU_153,ATCG
OTU_16,ATCG
OTU_164,ATCG
OTU_167,ATCG
OTU_170,ATCG
OTU_1771,ATCG
OTU_1914,ATCG
OTU_1918,ATCG
OTU_1925,ATCG
OTU_21,ATCG
OTU_218,ATCG
OTU_2195,ATCG
OTU_22,ATCG
OTU_220,ATCG
OTU_227,ATCG
OTU_236,ATCG
OTU_237,ATCG
OTU_24,ATCG
OTU_2625,ATCG
OTU_2651,ATCG
OTU_267,ATCG
OTU_2680,ATCG
OTU_274,ATCG
OTU_29,ATCG
OTU_2911,ATCG
OTU_30,ATCG
OTU_3006,ATCG
OTU_301,ATCG
OTU_309,ATCG
OTU_313,ATCG
OTU_329,ATCG
OTU_3353,ATCG
OTU_3363,ATCG
OTU_339,ATCG
OTU_3599,ATCG
OTU_373,ATCG
OTU_376,ATCG
OTU_378,ATCG
OTU_3856,ATCG
OTU_3858,ATCG
OTU_4101,ATCG
OTU_420,ATCG
OTU_440,ATCG
OTU_444,ATCG
OTU_448,ATCG
OTU_4486,ATCG
OTU_449,ATCG
OTU_464,ATCG
OTU_473,ATCG
OTU_474,ATCG
OTU_4865,ATCG
OTU_4989,ATCG
OTU_534,ATCG
OTU_562,ATCG
OTU_5959,ATCG
OTU_597,ATCG
OTU_606,ATCG
OTU_624,ATCG
OTU_64,ATCG
OTU_68,ATCG
OTU_693,ATCG
OTU_70,ATCG
OTU_709,ATCG
OTU_714,ATCG
OTU_723,ATCG
OTU_727,ATCG
OTU_730,ATCG
OTU_732,ATCG
OTU_756,ATCG
OTU_784,ATCG
OTU_793,ATCG
OTU_812,ATCG
OTU_816,ATCG
OTU_82,ATCG
OTU_828,ATCG
OTU_876,ATCG
OTU_98,ATCG
OTU_988,ATCG
OTU_1,ATCG
OTU_15,ATCG
OTU_8,ATCG
OTU_7,ATCG
OTU_19,ATCG
OTU_13,ATCG
OTU_18,ATCG
OTU_26,ATCG
OTU_10,ATCG
OTU_31,ATCG
OTU_9,ATCG
OTU_45,ATCG
OTU_1033,ATCG
OTU_44,ATCG
OTU_193,ATCG
OTU_35,ATCG
OTU_43,ATCG
OTU_32,ATCG
OTU_27,ATCG
OTU_131,ATCG
OTU_28,ATCG
OTU_33,ATCG
OTU_17,ATCG
OTU_1452,ATCG
OTU_51,ATCG
OTU_84,ATCG
OTU_50,ATCG
OTU_330,ATCG
OTU_5179,ATCG
OTU_71,ATCG
OTU_56,ATCG
OTU_54,ATCG
OTU_42,ATCG
OTU_58,ATCG
OTU_77,ATCG
OTU_4557,ATCG
OTU_554,ATCG
OTU_79,ATCG
OTU_4,ATCG
OTU_185,ATCG
OTU_14,ATCG
OTU_48,ATCG
OTU_60,ATCG
OTU_73,ATCG
OTU_69,ATCG
OTU_75,ATCG
OTU_94,ATCG
OTU_1297,ATCG
OTU_102,ATCG
OTU_1082,ATCG
OTU_67,ATCG
OTU_1111,ATCG
OTU_1200,ATCG
OTU_232,ATCG
OTU_244,ATCG
OTU_114,ATCG
OTU_63,ATCG
OTU_720,ATCG
OTU_74,ATCG
OTU_66,ATCG
OTU_91,ATCG
OTU_46,ATCG
OTU_1974,ATCG
OTU_88,ATCG
OTU_103,ATCG
OTU_127,ATCG
OTU_90,ATCG
OTU_4870,ATCG
OTU_80,ATCG
OTU_113,ATCG
OTU_108,ATCG
OTU_2139,ATCG
OTU_362,ATCG
OTU_149,ATCG
OTU_950,ATCG
OTU_36,ATCG
OTU_107,ATCG
OTU_106,ATCG
OTU_246,ATCG
OTU_549,ATCG
OTU_130,ATCG
OTU_161,ATCG
OTU_235,ATCG
OTU_823,ATCG
OTU_251,ATCG
OTU_49,ATCG
OTU_737,ATCG
OTU_243,ATCG
OTU_284,ATCG
OTU_134,ATCG
OTU_126,ATCG
OTU_112,ATCG
OTU_431,ATCG
OTU_204,ATCG
OTU_582,ATCG
OTU_358,ATCG
OTU_496,ATCG
OTU_191,ATCG
OTU_2512,ATCG
OTU_796,ATCG
OTU_171,ATCG
OTU_196,ATCG
OTU_1428,ATCG
OTU_713,ATCG
OTU_3826,ATCG
OTU_1124,ATCG
OTU_2507,ATCG
OTU_216,ATCG
OTU_139,ATCG
OTU_653,ATCG
OTU_179,ATCG
OTU_696,ATCG
OTU_211,ATCG
OTU_136,ATCG
OTU_148,ATCG
OTU_1119,ATCG
OTU_124,ATCG
OTU_1481,ATCG
OTU_205,ATCG
OTU_315,ATCG
OTU_1569,ATCG
OTU_128,ATCG
OTU_5033,ATCG
OTU_4791,ATCG
OTU_563,ATCG
OTU_190,ATCG
OTU_561,ATCG
OTU_175,ATCG
OTU_141,ATCG
OTU_281,ATCG
OTU_201,ATCG
OTU_3750,ATCG
OTU_4497,ATCG
OTU_2586,ATCG
OTU_1393,ATCG
OTU_973,ATCG
OTU_3002,ATCG
OTU_320,ATCG
OTU_953,ATCG
OTU_203,ATCG
OTU_228,ATCG
OTU_3508,ATCG
OTU_266,ATCG
OTU_180,ATCG
OTU_4655,ATCG
OTU_334,ATCG
OTU_254,ATCG
OTU_3512,ATCG
OTU_475,ATCG
OTU_186,ATCG
OTU_361,ATCG
OTU_466,ATCG
OTU_3156,ATCG
OTU_240,ATCG
OTU_345,ATCG
OTU_1509,ATCG
OTU_2539,ATCG
OTU_3562,ATCG
OTU_226,ATCG
OTU_255,ATCG
OTU_1017,ATCG
OTU_323,ATCG
OTU_347,ATCG
OTU_303,ATCG
OTU_289,ATCG
OTU_627,ATCG
OTU_169,ATCG
OTU_129,ATCG
OTU_287,ATCG
OTU_192,ATCG
OTU_495,ATCG
OTU_352,ATCG
OTU_4108,ATCG
OTU_1096,ATCG
OTU_231,ATCG
OTU_666,ATCG
OTU_4577,ATCG
OTU_490,ATCG
OTU_399,ATCG
OTU_272,ATCG
OTU_470,ATCG
OTU_297,ATCG
OTU_4717,ATCG
OTU_282,ATCG
OTU_359,ATCG
OTU_271,ATCG
OTU_253,ATCG
OTU_3553,ATCG
OTU_337,ATCG
OTU_5550,ATCG
OTU_177,ATCG
OTU_229,ATCG
OTU_295,ATCG
OTU_786,ATCG
OTU_306,ATCG
OTU_1028,ATCG
OTU_429,ATCG
OTU_528,ATCG
OTU_2051,ATCG
OTU_956,ATCG
OTU_2369,ATCG
OTU_304,ATCG
OTU_147,ATCG
OTU_369,ATCG
OTU_3630,ATCG
OTU_4243,ATCG
OTU_2482,ATCG
OTU_4595,ATCG
OTU_400,ATCG
OTU_293,ATCG
OTU_354,ATCG
OTU_677,ATCG
OTU_705,ATCG
OTU_5197,ATCG
OTU_4401,ATCG
OTU_3220,ATCG
OTU_580,ATCG
OTU_324,ATCG
OTU_350,ATCG
OTU_214,ATCG
OTU_5841,ATCG
OTU_1274,ATCG
OTU_322,ATCG
OTU_4724,ATCG
OTU_333,ATCG
OTU_387,ATCG
OTU_414,ATCG
OTU_430,ATCG
OTU_2931,ATCG
OTU_467,ATCG
OTU_710,ATCG
OTU_265,ATCG
OTU_2428,ATCG
OTU_331,ATCG
OTU_377,ATCG
OTU_1275,ATCG
OTU_471,ATCG
OTU_380,ATCG
OTU_599,ATCG
OTU_537,ATCG
OTU_1290,ATCG
OTU_3969,ATCG
OTU_416,ATCG
OTU_355,ATCG
OTU_366,ATCG
OTU_363,ATCG
OTU_584,ATCG
OTU_4197,ATCG
OTU_437,ATCG
OTU_452,ATCG
OTU_529,ATCG
OTU_559,ATCG
OTU_583,ATCG
OTU_694,ATCG
OTU_4913,ATCG
OTU_662,ATCG
OTU_5259,ATCG
OTU_770,ATCG
OTU_348,ATCG
OTU_412,ATCG
OTU_4152,ATCG
OTU_357,ATCG
OTU_519,ATCG
OTU_325,ATCG
OTU_300,ATCG
OTU_468,ATCG
OTU_410,ATCG
OTU_4891,ATCG
OTU_469,ATCG
OTU_967,ATCG
OTU_341,ATCG
OTU_3851,ATCG
OTU_3424,ATCG
OTU_1650,ATCG
OTU_556,ATCG
OTU_2077,ATCG
OTU_1041,ATCG
OTU_4137,ATCG
OTU_1829,ATCG
OTU_551,ATCG
OTU_4925,ATCG
OTU_552,ATCG
OTU_396,ATCG
OTU_2427,ATCG
OTU_453,ATCG
OTU_1416,ATCG
OTU_189,ATCG
OTU_2044,ATCG
OTU_2029,ATCG
OTU_371,ATCG
OTU_439,ATCG
OTU_2226,ATCG
OTU_575,ATCG
OTU_3255,ATCG
OTU_871,ATCG
OTU_276,ATCG
OTU_810,ATCG
OTU_548,ATCG
OTU_525,ATCG
OTU_462,ATCG
OTU_3700,ATCG
OTU_530,ATCG
OTU_1928,ATCG
OTU_531,ATCG
OTU_1212,ATCG
OTU_4755,ATCG
OTU_591,ATCG
OTU_1834,ATCG
OTU_472,ATCG
OTU_3868,ATCG
OTU_478,ATCG
OTU_407,ATCG
OTU_1058,ATCG
OTU_763,ATCG
OTU_1224,ATCG
OTU_5887,ATCG
OTU_487,ATCG
OTU_703,ATCG
OTU_174,ATCG
OTU_779,ATCG
OTU_5543,ATCG
OTU_844,ATCG
OTU_5360,ATCG
OTU_706,ATCG
OTU_2365,ATCG
OTU_394,ATCG
OTU_888,ATCG
OTU_533,ATCG
OTU_789,ATCG
OTU_1324,ATCG
OTU_484,ATCG
OTU_2145,ATCG
OTU_413,ATCG
OTU_1856,ATCG
OTU_3933,ATCG
OTU_948,ATCG
OTU_678,ATCG
OTU_2929,ATCG
OTU_499,ATCG
OTU_594,ATCG
OTU_853,ATCG
OTU_458,ATCG
OTU_1721,ATCG
OTU_586,ATCG
OTU_5380,ATCG
OTU_2922,ATCG
OTU_1535,ATCG
OTU_587,ATCG
OTU_632,ATCG
OTU_1661,ATCG
OTU_739,ATCG
OTU_3182,ATCG
OTU_2265,ATCG
OTU_1803,ATCG
OTU_4318,ATCG
OTU_3539,ATCG
OTU_2551,ATCG
OTU_788,ATCG
OTU_423,ATCG
OTU_3960,ATCG
OTU_1240,ATCG
OTU_845,ATCG
OTU_3833,ATCG
OTU_830,ATCG
OTU_395,ATCG
OTU_1426,ATCG
OTU_275,ATCG
OTU_384,ATCG
OTU_578,ATCG
OTU_1870,ATCG
OTU_422,ATCG
OTU_372,ATCG
OTU_657,ATCG
OTU_4398,ATCG
OTU_1052,ATCG
OTU_4660,ATCG
OTU_1132,ATCG
OTU_3069,ATCG
OTU_498,ATCG
OTU_884,ATCG
OTU_1360,ATCG
OTU_3181,ATCG
OTU_742,ATCG
OTU_219,ATCG
OTU_829,ATCG
OTU_894,ATCG
OTU_922,ATCG
OTU_1885,ATCG
OTU_3604,ATCG
OTU_5212,ATCG
OTU_463,ATCG
OTU_2283,ATCG
OTU_489,ATCG
OTU_1531,ATCG
OTU_4877,ATCG
OTU_1194,ATCG
OTU_4270,ATCG
OTU_571,ATCG
OTU_598,ATCG
OTU_745,ATCG
OTU_772,ATCG
OTU_4476,ATCG
OTU_510,ATCG
OTU_646,ATCG
OTU_1114,ATCG
OTU_581,ATCG
OTU_652,ATCG
OTU_2216,ATCG
OTU_4258,ATCG
OTU_2672,ATCG
OTU_4344,ATCG
OTU_3970,ATCG
OTU_826,ATCG
OTU_3169,ATCG
OTU_5988,ATCG
OTU_3714,ATCG
OTU_3264,ATCG
OTU_805,ATCG
OTU_1550,ATCG
OTU_715,ATCG
OTU_544,ATCG
OTU_545,ATCG
OTU_631,ATCG
OTU_4722,ATCG
OTU_1145,ATCG
OTU_3766,ATCG
OTU_815,ATCG
OTU_1221,ATCG
OTU_849,ATCG
OTU_698,ATCG
OTU_881,ATCG
OTU_543,ATCG
OTU_993,ATCG
OTU_1113,ATCG
OTU_725,ATCG
OTU_980,ATCG
OTU_1348,ATCG
OTU_4996,ATCG
OTU_686,ATCG
OTU_3453,ATCG
OTU_1397,ATCG
OTU_391,ATCG
OTU_1659,ATCG
OTU_492,ATCG
OTU_1820,ATCG
OTU_896,ATCG
OTU_641,ATCG
OTU_403,ATCG
OTU_2107,ATCG
OTU_1189,ATCG
OTU_780,ATCG
OTU_593,ATCG
OTU_718,ATCG
OTU_3436,ATCG
OTU_5531,ATCG
OTU_914,ATCG
OTU_2789,ATCG
OTU_2113,ATCG
OTU_4151,ATCG
OTU_3613,ATCG
OTU_961,ATCG
OTU_621,ATCG
OTU_3177,ATCG
OTU_1712,ATCG
OTU_1781,ATCG
OTU_2047,ATCG
OTU_4982,ATCG
OTU_841,ATCG
OTU_3644,ATCG
OTU_952,ATCG
OTU_997,ATCG
OTU_2897,ATCG
OTU_428,ATCG
OTU_702,ATCG
OTU_1458,ATCG
OTU_435,ATCG
OTU_926,ATCG
OTU_1024,ATCG
OTU_1605,ATCG
OTU_660,ATCG
OTU_4677,ATCG
OTU_4478,ATCG
OTU_903,ATCG
OTU_615,ATCG
OTU_4542,ATCG
OTU_1002,ATCG
OTU_2360,ATCG
OTU_596,ATCG
OTU_689,ATCG
OTU_684,ATCG
OTU_1218,ATCG
OTU_4794,ATCG
OTU_755,ATCG
OTU_670,ATCG
OTU_937,ATCG
OTU_5717,ATCG
OTU_747,ATCG
OTU_981,ATCG
OTU_1563,ATCG
OTU_2187,ATCG
OTU_862,ATCG
OTU_999,ATCG
OTU_989,ATCG
OTU_633,ATCG
OTU_665,ATCG
OTU_1177,ATCG
OTU_1671,ATCG
OTU_3102,ATCG
OTU_716,ATCG
OTU_920,ATCG
OTU_984,ATCG
OTU_802,ATCG
OTU_983,ATCG
OTU_4587,ATCG
OTU_1316,ATCG
OTU_411,ATCG
OTU_1456,ATCG
OTU_1050,ATCG
OTU_1343,ATCG
OTU_3929,ATCG
OTU_938,ATCG
OTU_5294,ATCG
OTU_800,ATCG
OTU_651,ATCG
OTU_1207,ATCG
OTU_1427,ATCG
OTU_4933,ATCG
OTU_1126,ATCG
OTU_1241,ATCG
OTU_1070,ATCG
OTU_3208,ATCG
OTU_798,ATCG
OTU_1013,ATCG
OTU_637,ATCG
OTU_934,ATCG
OTU_1171,ATCG
OTU_1353,ATCG
OTU_493,ATCG
OTU_1287,ATCG
OTU_4331,ATCG
OTU_933,ATCG
OTU_1010,ATCG
OTU_4221,ATCG
OTU_1153,ATCG
OTU_5157,ATCG
OTU_820,ATCG
OTU_4615,ATCG
OTU_4302,ATCG
OTU_3487,ATCG
OTU_976,ATCG
OTU_1093,ATCG
OTU_1363,ATCG
OTU_2021,ATCG
OTU_675,ATCG
OTU_590,ATCG
OTU_897,ATCG
OTU_766,ATCG
OTU_1850,ATCG
OTU_790,ATCG
OTU_565,ATCG
OTU_2669,ATCG
OTU_758,ATCG
OTU_1523,ATCG
OTU_774,ATCG
OTU_1352,ATCG
OTU_2320,ATCG
OTU_691,ATCG
OTU_1596,ATCG
OTU_740,ATCG
OTU_588,ATCG
OTU_1203,ATCG
OTU_928,ATCG
OTU_1320,ATCG
OTU_2184,ATCG
OTU_340,ATCG
OTU_3911,ATCG
OTU_5044,ATCG
OTU_513,ATCG
OTU_1357,ATCG
OTU_402,ATCG
OTU_623,ATCG
OTU_1213,ATCG
OTU_3434,ATCG
OTU_1677,ATCG
OTU_1336,ATCG
OTU_1382,ATCG
OTU_781,ATCG
OTU_1205,ATCG
OTU_568,ATCG
OTU_1269,ATCG
OTU_1035,ATCG
OTU_4842,ATCG
OTU_1073,ATCG
OTU_924,ATCG
OTU_947,ATCG
OTU_1716,ATCG
OTU_1247,ATCG
OTU_1379,ATCG
OTU_1031,ATCG
OTU_726,ATCG
OTU_1225,ATCG
OTU_2398,ATCG
OTU_5426,ATCG
OTU_843,ATCG
OTU_1314,ATCG
OTU_1462,ATCG
OTU_1762,ATCG
OTU_618,ATCG
OTU_782,ATCG
OTU_941,ATCG
OTU_975,ATCG
OTU_516,ATCG
OTU_1445,ATCG
OTU_1254,ATCG
OTU_610,ATCG
OTU_819,ATCG
OTU_846,ATCG
OTU_895,ATCG
OTU_1796,ATCG
OTU_765,ATCG
OTU_3660,ATCG
OTU_650,ATCG
OTU_2636,ATCG
OTU_1949,ATCG
OTU_4503,ATCG
OTU_878,ATCG
OTU_4059,ATCG
OTU_1496,ATCG
OTU_1865,ATCG
OTU_2300,ATCG
OTU_3577,ATCG
OTU_3244,ATCG
OTU_1933,ATCG
OTU_3437,ATCG
OTU_962,ATCG
OTU_860,ATCG
OTU_1161,ATCG
OTU_4539,ATCG
OTU_5057,ATCG
OTU_3683,ATCG
OTU_1304,ATCG
OTU_1214,ATCG
OTU_1252,ATCG
OTU_887,ATCG
OTU_918,ATCG
OTU_921,ATCG
OTU_1580,ATCG
OTU_1711,ATCG
OTU_5141,ATCG
OTU_5327,ATCG
OTU_834,ATCG
OTU_547,ATCG
OTU_1087,ATCG
OTU_848,ATCG
OTU_1277,ATCG
OTU_1436,ATCG
OTU_991,ATCG
OTU_996,ATCG
OTU_5273,ATCG
OTU_769,ATCG
OTU_1149,ATCG
OTU_891,ATCG
OTU_1482,ATCG
OTU_946,ATCG
OTU_1051,ATCG
OTU_2274,ATCG
OTU_3870,ATCG
OTU_4718,ATCG
OTU_5344,ATCG
OTU_2513,ATCG
OTU_994,ATCG
OTU_1243,ATCG
OTU_1532,ATCG
OTU_1813,ATCG
OTU_2256,ATCG
OTU_1211,ATCG
OTU_427,ATCG
OTU_1183,ATCG
OTU_425,ATCG
OTU_508,ATCG
OTU_1365,ATCG
OTU_1000,ATCG
OTU_847,ATCG
OTU_1206,ATCG
OTU_1735,ATCG
OTU_683,ATCG
OTU_1779,ATCG
OTU_3333,ATCG
OTU_1089,ATCG
OTU_1326,ATCG
OTU_1638,ATCG
OTU_2578,ATCG
OTU_1529,ATCG
OTU_1140,ATCG
OTU_2989,ATCG
OTU_3435,ATCG
OTU_557,ATCG
OTU_1943,ATCG
OTU_1014,ATCG
OTU_1869,ATCG
OTU_2194,ATCG
OTU_5084,ATCG
OTU_638,ATCG
OTU_3307,ATCG
OTU_5809,ATCG
OTU_2968,ATCG
OTU_974,ATCG
OTU_1005,ATCG
OTU_1292,ATCG
OTU_2193,ATCG
OTU_1072,ATCG
OTU_2239,ATCG
OTU_1091,ATCG
OTU_2500,ATCG
OTU_966,ATCG
OTU_2778,ATCG
OTU_445,ATCG
OTU_5020,ATCG
OTU_671,ATCG
OTU_750,ATCG
OTU_3761,ATCG
OTU_2124,ATCG
OTU_913,ATCG
OTU_879,ATCG
OTU_1504,ATCG
OTU_1626,ATCG
OTU_1905,ATCG
OTU_2471,ATCG
OTU_2906,ATCG
OTU_1281,ATCG
OTU_2069,ATCG
OTU_1525,ATCG
OTU_3405,ATCG
OTU_504,ATCG
OTU_1193,ATCG
OTU_2872,ATCG
OTU_1780,ATCG
OTU_1728,ATCG
OTU_2675,ATCG
OTU_3982,ATCG
OTU_1122,ATCG
OTU_943,ATCG
OTU_1383,ATCG
OTU_1264,ATCG
OTU_1473,ATCG
OTU_5719,ATCG
OTU_1358,ATCG
OTU_3693,ATCG
OTU_1589,ATCG
OTU_1714,ATCG
OTU_4007,ATCG
OTU_972,ATCG
OTU_1100,ATCG
OTU_1871,ATCG
OTU_667,ATCG
OTU_3202,ATCG
OTU_485,ATCG
OTU_433,ATCG
OTU_5246,ATCG
OTU_2327,ATCG
OTU_1409,ATCG
OTU_1990,ATCG
OTU_4039,ATCG
OTU_855,ATCG
OTU_1069,ATCG
OTU_1745,ATCG
OTU_2790,ATCG
OTU_4023,ATCG
OTU_622,ATCG
OTU_1457,ATCG
OTU_2152,ATCG
OTU_3473,ATCG
OTU_4277,ATCG
OTU_5843,ATCG
OTU_1404,ATCG
OTU_3813,ATCG
OTU_4421,ATCG
OTU_1220,ATCG
OTU_1964,ATCG
OTU_2007,ATCG
OTU_2455,ATCG
OTU_2588,ATCG
OTU_1413,ATCG
OTU_1434,ATCG
OTU_1105,ATCG
OTU_3289,ATCG
OTU_1616,ATCG
OTU_1995,ATCG
OTU_3111,ATCG
OTU_4966,ATCG
OTU_1295,ATCG
OTU_1245,ATCG
OTU_2928,ATCG
OTU_390,ATCG
OTU_1791,ATCG
OTU_3973,ATCG
OTU_1940,ATCG
OTU_1238,ATCG
OTU_1060,ATCG
OTU_1788,ATCG
OTU_1131,ATCG
OTU_2726,ATCG
OTU_3025,ATCG
OTU_5134,ATCG
OTU_5467,ATCG
OTU_1500,ATCG
OTU_1977,ATCG
OTU_2676,ATCG
OTU_2543,ATCG
OTU_1003,ATCG
OTU_1663,ATCG
OTU_2116,ATCG
OTU_2185,ATCG
OTU_3282,ATCG
OTU_1913,ATCG
OTU_3016,ATCG
OTU_1307,ATCG
OTU_1666,ATCG
OTU_5833,ATCG
OTU_5250,ATCG
OTU_1377,ATCG
OTU_1102,ATCG
OTU_2108,ATCG
OTU_2344,ATCG
OTU_2614,ATCG
OTU_5202,ATCG
OTU_880,ATCG
OTU_2329,ATCG
OTU_2056,ATCG
OTU_2310,ATCG
OTU_1293,ATCG
OTU_1942,ATCG
OTU_2740,ATCG
OTU_5931,ATCG
OTU_2765,ATCG
OTU_4805,ATCG
OTU_1976,ATCG
OTU_1015,ATCG
OTU_1356,ATCG
OTU_2228,ATCG
OTU_2294,ATCG
OTU_2752,ATCG
OTU_1624,ATCG
OTU_1590,ATCG
OTU_2339,ATCG
OTU_298,ATCG
OTU_4710,ATCG
OTU_4487,ATCG
OTU_767,ATCG
OTU_1717,ATCG
OTU_1988,ATCG
OTU_2131,ATCG
OTU_2252,ATCG
OTU_3575,ATCG
OTU_1381,ATCG
OTU_1841,ATCG
OTU_2122,ATCG
OTU_3484,ATCG
OTU_754,ATCG
OTU_2639,ATCG
OTU_419,ATCG
OTU_4923,ATCG
OTU_1983,ATCG
OTU_1130,ATCG
OTU_37,ATCG
OTU_2407,ATCG
OTU_1811,ATCG
OTU_1910,ATCG
OTU_1919,ATCG
OTU_2446,ATCG
OTU_553,ATCG
OTU_644,ATCG
OTU_5468,ATCG
OTU_2423,ATCG
OTU_1386,ATCG
OTU_1443,ATCG
OTU_2491,ATCG
OTU_2759,ATCG
OTU_3596,ATCG
OTU_4584,ATCG
OTU_5127,ATCG
OTU_1487,ATCG
OTU_1886,ATCG
OTU_2119,ATCG
OTU_2626,ATCG
OTU_2711,ATCG
OTU_827,ATCG
OTU_1900,ATCG
OTU_1392,ATCG
OTU_1636,ATCG
OTU_4268,ATCG
OTU_2760,ATCG
OTU_824,ATCG
OTU_1527,ATCG
OTU_1528,ATCG
OTU_4827,ATCG
OTU_901,ATCG
OTU_2089,ATCG
OTU_1303,ATCG
OTU_2565,ATCG
OTU_4259,ATCG
OTU_62,ATCG
OTU_1730,ATCG
OTU_2805,ATCG
OTU_3279,ATCG
OTU_3641,ATCG
OTU_840,ATCG
OTU_2140,ATCG
OTU_1022,ATCG
OTU_1754,ATCG
OTU_2250,ATCG
OTU_2632,ATCG
OTU_2422,ATCG
OTU_2452,ATCG
OTU_476,ATCG
OTU_520,ATCG
OTU_5429,ATCG
OTU_5762,ATCG
OTU_1646,ATCG
OTU_3702,ATCG
OTU_2174,ATCG
OTU_1673,ATCG
OTU_2305,ATCG
OTU_2433,ATCG
OTU_3361,ATCG
OTU_3986,ATCG
OTU_1906,ATCG
OTU_1023,ATCG
OTU_1325,ATCG
OTU_1654,ATCG
OTU_2210,ATCG
OTU_2243,ATCG
OTU_2447,ATCG
OTU_1229,ATCG
OTU_1547,ATCG
OTU_2085,ATCG
OTU_3106,ATCG
OTU_1724,ATCG
OTU_3556,ATCG
OTU_2673,ATCG
OTU_3626,ATCG
OTU_944,ATCG
OTU_1652,ATCG
OTU_2704,ATCG
OTU_1042,ATCG
OTU_5032,ATCG
OTU_4880,ATCG
OTU_1575,ATCG
OTU_1600,ATCG
OTU_1647,ATCG
OTU_1707,ATCG
OTU_1953,ATCG
OTU_2045,ATCG
OTU_2123,ATCG
OTU_2668,ATCG
OTU_2744,ATCG
OTU_3998,ATCG
OTU_5043,ATCG
OTU_1074,ATCG
OTU_277,ATCG
OTU_3198,ATCG
OTU_3694,ATCG
OTU_1935,ATCG
OTU_1772,ATCG
OTU_1012,ATCG
OTU_2204,ATCG
OTU_1156,ATCG
OTU_3271,ATCG
OTU_5405,ATCG
OTU_5444,ATCG
OTU_555,ATCG
OTU_680,ATCG
OTU_1851,ATCG
OTU_1632,ATCG
OTU_1182,ATCG
OTU_1186,ATCG
OTU_3610,ATCG
OTU_3741,ATCG
OTU_4658,ATCG
OTU_4499,ATCG
OTU_5422,ATCG
OTU_2133,ATCG
OTU_1614,ATCG
OTU_1597,ATCG
OTU_1783,ATCG
OTU_1800,ATCG
OTU_2511,ATCG
OTU_2531,ATCG
OTU_2755,ATCG
OTU_3274,ATCG
OTU_3584,ATCG
OTU_4145,ATCG
OTU_5200,ATCG
OTU_535,ATCG
OTU_1246,ATCG
OTU_1104,ATCG
OTU_1333,ATCG
OTU_1628,ATCG
OTU_1965,ATCG
OTU_4326,ATCG
OTU_5191,ATCG
OTU_760,ATCG
OTU_2266,ATCG
OTU_1844,ATCG
OTU_2074,ATCG
OTU_2549,ATCG
OTU_2820,ATCG
OTU_3172,ATCG
OTU_3439,ATCG
OTU_4058,ATCG
OTU_4440,ATCG
OTU_5216,ATCG
OTU_734,ATCG
OTU_1398,ATCG
OTU_771,ATCG
OTU_1642,ATCG
OTU_1018,ATCG
OTU_5464,ATCG
OTU_1986,ATCG
OTU_955,ATCG
OTU_2440,ATCG
OTU_4147,ATCG
OTU_2080,ATCG
OTU_2987,ATCG
OTU_3142,ATCG
OTU_3325,ATCG
OTU_349,ATCG
OTU_5147,ATCG
OTU_1991,ATCG
OTU_2535,ATCG
OTU_4239,ATCG
OTU_4662,ATCG
OTU_5675,ATCG
OTU_949,ATCG
OTU_2763,ATCG
OTU_1127,ATCG
OTU_1784,ATCG
OTU_2049,ATCG
OTU_2508,ATCG
OTU_2568,ATCG
OTU_2715,ATCG
OTU_3443,ATCG
OTU_4694,ATCG
OTU_4747,ATCG
OTU_4872,ATCG
OTU_5060,ATCG
OTU_5522,ATCG
OTU_5065,ATCG
OTU_1956,ATCG
OTU_1571,ATCG
OTU_2379,ATCG
OTU_2577,ATCG
OTU_2580,ATCG
OTU_261,ATCG
OTU_3541,ATCG
OTU_2012,ATCG
OTU_1406,ATCG
OTU_2470,ATCG
OTU_2880,ATCG
OTU_3066,ATCG
OTU_3329,ATCG
OTU_4789,ATCG
OTU_5834,ATCG
OTU_3347,ATCG
OTU_3523,ATCG
OTU_3594,ATCG
OTU_5839,ATCG
OTU_930,ATCG
OTU_2025,ATCG
OTU_1598,ATCG
OTU_1758,ATCG
OTU_2799,ATCG
OTU_4761,ATCG
OTU_4930,ATCG
OTU_5420,ATCG
OTU_2620,ATCG
OTU_2896,ATCG
OTU_2981,ATCG
OTU_3012,ATCG
OTU_3469,ATCG
OTU_3720,ATCG
OTU_751,ATCG
OTU_1253,ATCG
OTU_1755,ATCG
OTU_2445,ATCG
OTU_3568,ATCG
OTU_3934,ATCG
OTU_3863,ATCG
OTU_2088,ATCG
OTU_2028,ATCG
OTU_2373,ATCG
OTU_4903,ATCG
OTU_5083,ATCG
OTU_1934,ATCG
OTU_3410,ATCG
OTU_1566,ATCG
OTU_2006,ATCG
OTU_3305,ATCG
OTU_3758,ATCG
OTU_4037,ATCG
OTU_4897,ATCG
OTU_940,ATCG
OTU_3051,ATCG
OTU_995,ATCG
OTU_2213,ATCG
OTU_1777,ATCG
OTU_1306,ATCG
OTU_1328,ATCG
OTU_2136,ATCG
OTU_2415,ATCG
OTU_2576,ATCG
OTU_4365,ATCG
OTU_4430,ATCG
OTU_5659,ATCG
OTU_1202,ATCG
OTU_3997,ATCG
OTU_4521,ATCG
OTU_4438,ATCG
OTU_3171,ATCG
OTU_1242,ATCG
OTU_1368,ATCG
OTU_1376,ATCG
OTU_1418,ATCG
OTU_1890,ATCG
OTU_2312,ATCG
OTU_2725,ATCG
OTU_2802,ATCG
OTU_3776,ATCG
OTU_4229,ATCG
OTU_5088,ATCG
OTU_1110,ATCG
OTU_1280,ATCG
OTU_1561,ATCG
OTU_3033,ATCG
OTU_3294,ATCG
OTU_4651,ATCG
OTU_4884,ATCG
OTU_5059,ATCG
OTU_1921,ATCG
OTU_1858,ATCG
OTU_1838,ATCG
OTU_2465,ATCG
OTU_2483,ATCG
OTU_2980,ATCG
OTU_3178,ATCG
OTU_3490,ATCG
OTU_3925,ATCG
OTU_4477,ATCG
OTU_4939,ATCG
OTU_4508,ATCG
OTU_5442,ATCG
OTU_4327,ATCG
OTU_1635,ATCG
OTU_2618,ATCG
OTU_3022,ATCG
OTU_3135,ATCG
OTU_3413,ATCG
OTU_3457,ATCG
OTU_4414,ATCG
OTU_4534,ATCG
OTU_832,ATCG
OTU_872,ATCG
OTU_885,ATCG
OTU_3477,ATCG
OTU_2334,ATCG
OTU_3296,ATCG
OTU_1064,ATCG
OTU_1165,ATCG
OTU_1464,ATCG
OTU_1668,ATCG
OTU_2420,ATCG
OTU_2522,ATCG
OTU_2628,ATCG
OTU_2774,ATCG
OTU_3038,ATCG
OTU_3462,ATCG
OTU_3769,ATCG
OTU_4215,ATCG
OTU_5709,ATCG
OTU_5945,ATCG
OTU_2812,ATCG
OTU_1179,ATCG
OTU_2619,ATCG
OTU_1761,ATCG
OTU_4759,ATCG
OTU_1053,ATCG
OTU_1391,ATCG
OTU_1846,ATCG
OTU_1864,ATCG
OTU_2075,ATCG
OTU_2168,ATCG
OTU_3319,ATCG
OTU_3326,ATCG
OTU_4242,ATCG
OTU_4321,ATCG
OTU_2188,ATCG
OTU_728,ATCG
OTU_1507,ATCG
OTU_398,ATCG
OTU_119,ATCG
OTU_1922,ATCG
OTU_1996,ATCG
OTU_2325,ATCG
OTU_2402,ATCG
OTU_2998,ATCG
OTU_3243,ATCG
OTU_3697,ATCG
OTU_4957,ATCG
OTU_5875,ATCG
OTU_5995,ATCG
OTU_2613,ATCG
OTU_3777,ATCG
OTU_2015,ATCG
OTU_2258,ATCG
OTU_3818,ATCG
OTU_1354,ATCG
OTU_5064,ATCG
OTU_2091,ATCG
OTU_2129,ATCG
OTU_2356,ATCG
OTU_2469,ATCG
OTU_2864,ATCG
OTU_3225,ATCG
OTU_3235,ATCG
OTU_2436,ATCG
OTU_4136,ATCG
OTU_3028,ATCG
OTU_2731,ATCG
OTU_4522,ATCG
OTU_5161,ATCG
OTU_4410,ATCG
OTU_2167,ATCG
OTU_2267,ATCG
OTU_2277,ATCG
OTU_2627,ATCG
OTU_3214,ATCG
OTU_3494,ATCG
OTU_3617,ATCG
OTU_3820,ATCG
OTU_4262,ATCG
OTU_4628,ATCG
OTU_4958,ATCG
OTU_2328,ATCG
OTU_2705,ATCG
OTU_1175,ATCG
OTU_4027,ATCG
OTU_3189,ATCG
OTU_4932,ATCG
OTU_1157,ATCG
OTU_1378,ATCG
OTU_2087,ATCG
OTU_2374,ATCG
OTU_3060,ATCG
OTU_3308,ATCG
OTU_3378,ATCG
OTU_3522,ATCG
OTU_4247,ATCG
OTU_4511,ATCG
OTU_5784,ATCG
OTU_589,ATCG
OTU_5910,ATCG
OTU_856,ATCG
OTU_1503,ATCG
OTU_5090,ATCG
OTU_2072,ATCG
OTU_942,ATCG
OTU_3381,ATCG
OTU_2605,ATCG
OTU_1821,ATCG
OTU_1839,ATCG
OTU_1497,ATCG
OTU_1710,ATCG
OTU_1877,ATCG
OTU_2254,ATCG
OTU_3088,ATCG
OTU_4494,ATCG
OTU_4954,ATCG
OTU_5479,ATCG
OTU_5626,ATCG
OTU_5917,ATCG
OTU_3572,ATCG
OTU_4031,ATCG
OTU_1818,ATCG
OTU_2054,ATCG
OTU_4544,ATCG
OTU_239,ATCG
OTU_2603,ATCG
OTU_2794,ATCG
OTU_3082,ATCG
OTU_3128,ATCG
OTU_3779,ATCG
OTU_4832,ATCG
OTU_5102,ATCG
OTU_5953,ATCG
OTU_1810,ATCG
OTU_3576,ATCG
OTU_4951,ATCG
OTU_2622,ATCG
OTU_4200,ATCG
OTU_4608,ATCG
OTU_2718,ATCG
OTU_2741,ATCG
OTU_184,ATCG
OTU_1911,ATCG
OTU_2157,ATCG
OTU_2217,ATCG
OTU_2227,ATCG
OTU_2350,ATCG
OTU_2450,ATCG
OTU_2749,ATCG
OTU_3295,ATCG
OTU_3614,ATCG
OTU_3655,ATCG
OTU_3681,ATCG
OTU_461,ATCG
OTU_4774,ATCG
OTU_5729,ATCG
OTU_2994,ATCG
OTU_1232,ATCG
OTU_2519,ATCG
OTU_5163,ATCG
OTU_4413,ATCG
OTU_247,ATCG
OTU_1305,ATCG
OTU_1731,ATCG
OTU_1793,ATCG
OTU_1875,ATCG
OTU_2039,ATCG
OTU_3086,ATCG
OTU_3345,ATCG
OTU_351,ATCG
OTU_3612,ATCG
OTU_3786,ATCG
OTU_4015,ATCG
OTU_4232,ATCG
OTU_4383,ATCG
OTU_4741,ATCG
OTU_4773,ATCG
OTU_5985,ATCG
OTU_1868,ATCG
OTU_1700,ATCG
OTU_3350,ATCG
OTU_1812,ATCG
OTU_3196,ATCG
OTU_4491,ATCG
OTU_5459,ATCG
OTU_4111,ATCG
OTU_3316,ATCG
OTU_2555,ATCG
OTU_1315,ATCG
OTU_1399,ATCG
OTU_2221,ATCG
OTU_2247,ATCG
OTU_2404,ATCG
OTU_2935,ATCG
OTU_2958,ATCG
OTU_3227,ATCG
OTU_3269,ATCG
OTU_3291,ATCG
OTU_370,ATCG
OTU_3931,ATCG
OTU_4257,ATCG
OTU_4453,ATCG
OTU_4467,ATCG
OTU_4561,ATCG
OTU_4646,ATCG
OTU_4754,ATCG
OTU_4986,ATCG
OTU_509,ATCG
OTU_5130,ATCG
OTU_5576,ATCG
OTU_692,ATCG
OTU_83,ATCG
OTU_4909,ATCG
OTU_3302,ATCG
OTU_1329,ATCG
OTU_1092,ATCG
OTU_1375,ATCG
OTU_1578,ATCG
OTU_1764,ATCG
OTU_1881,ATCG
OTU_194,ATCG
OTU_2222,ATCG
OTU_2637,ATCG
OTU_2824,ATCG
OTU_3985,ATCG
OTU_3988,ATCG
OTU_4281,ATCG
OTU_4635,ATCG
OTU_5140,ATCG
OTU_5400,ATCG
OTU_5475,ATCG
OTU_5523,ATCG
OTU_5697,ATCG
OTU_752,ATCG
OTU_808,ATCG
OTU_269,ATCG
OTU_564,ATCG
OTU_5771,ATCG
OTU_5135,ATCG
OTU_4915,ATCG
OTU_1057,ATCG
OTU_1088,ATCG
OTU_1312,ATCG
OTU_1415,ATCG
OTU_1656,ATCG
OTU_1848,ATCG
OTU_2196,ATCG
OTU_2915,ATCG
OTU_3234,ATCG
OTU_4304,ATCG
OTU_4426,ATCG
OTU_4520,ATCG
OTU_4609,ATCG
OTU_5270,ATCG
OTU_5363,ATCG
OTU_5849,ATCG
OTU_1296,ATCG
OTU_1513,ATCG
OTU_1046,ATCG
OTU_2814,ATCG
OTU_4056,ATCG
OTU_3351,ATCG
OTU_4248,ATCG
OTU_1278,ATCG
OTU_1338,ATCG
OTU_1506,ATCG
OTU_2293,ATCG
OTU_2579,ATCG
OTU_2954,ATCG
OTU_3639,ATCG
OTU_3842,ATCG
OTU_4034,ATCG
OTU_4526,ATCG
OTU_4538,ATCG
OTU_4967,ATCG
OTU_5292,ATCG
OTU_5538,ATCG
OTU_592,ATCG
OTU_801,ATCG
OTU_977,ATCG
OTU_3495,ATCG
OTU_4621,ATCG
OTU_804,ATCG
OTU_4506,ATCG
OTU_4673,ATCG
OTU_3674,ATCG
OTU_4124,ATCG
OTU_1043,ATCG
OTU_1192,ATCG
OTU_1470,ATCG
OTU_1763,ATCG
OTU_1960,ATCG
OTU_206,ATCG
OTU_2257,ATCG
OTU_2564,ATCG
OTU_2635,ATCG
OTU_2836,ATCG
OTU_3014,ATCG
OTU_3752,ATCG
OTU_3894,ATCG
OTU_3942,ATCG
OTU_4394,ATCG
OTU_4582,ATCG
OTU_4799,ATCG
OTU_4937,ATCG
OTU_4968,ATCG
OTU_5317,ATCG
OTU_5474,ATCG
OTU_5533,ATCG
OTU_5537,ATCG
OTU_5642,ATCG
OTU_5652,ATCG
OTU_5672,ATCG
OTU_5830,ATCG
OTU_5845,ATCG
OTU_609,ATCG
OTU_814,ATCG
OTU_905,ATCG
OTU_2403,ATCG
OTU_2813,ATCG
OTU_5741,ATCG
OTU_5853,ATCG
OTU_343,ATCG
OTU_1753,ATCG
OTU_4157,ATCG
OTU_1746,ATCG
OTU_1219,ATCG
OTU_1341,ATCG
OTU_1975,ATCG
OTU_1433,ATCG
OTU_1631,ATCG
OTU_178,ATCG
OTU_2022,ATCG
OTU_2262,ATCG
OTU_2683,ATCG
OTU_2842,ATCG
OTU_2973,ATCG
OTU_3166,ATCG
OTU_3464,ATCG
OTU_4016,ATCG
OTU_4202,ATCG
OTU_4261,ATCG
OTU_4418,ATCG
OTU_4614,ATCG
OTU_5419,ATCG
OTU_5649,ATCG
OTU_5829,ATCG
OTU_889,ATCG
OTU_1892,ATCG
OTU_4705,ATCG
OTU_3270,ATCG
OTU_3486,ATCG
OTU_5366,ATCG
OTU_2869,ATCG
OTU_2068,ATCG
OTU_2370,ATCG
OTU_1029,ATCG
OTU_1116,ATCG
OTU_1432,ATCG
OTU_1539,ATCG
OTU_1683,ATCG
OTU_213,ATCG
OTU_2375,ATCG
OTU_257,ATCG
OTU_2582,ATCG
OTU_2809,ATCG
OTU_3419,ATCG
OTU_3489,ATCG
OTU_3516,ATCG
OTU_3625,ATCG
OTU_3708,ATCG
OTU_3907,ATCG
OTU_4203,ATCG
OTU_4286,ATCG
OTU_4299,ATCG
OTU_4473,ATCG
OTU_4495,ATCG
OTU_4809,ATCG
OTU_5260,ATCG
OTU_5616,ATCG
OTU_850,ATCG
OTU_2190,ATCG
OTU_3496,ATCG
OTU_4441,ATCG
OTU_5807,ATCG
OTU_1020,ATCG
OTU_1594,ATCG
OTU_4531,ATCG
OTU_1558,ATCG
OTU_3373,ATCG
OTU_1034,ATCG
OTU_165,ATCG
OTU_1665,ATCG
OTU_1667,ATCG
OTU_2287,ATCG
OTU_2466,ATCG
OTU_2478,ATCG
OTU_2533,ATCG
OTU_2566,ATCG
OTU_2960,ATCG
OTU_3233,ATCG
OTU_3770,ATCG
OTU_3807,ATCG
OTU_4120,ATCG
OTU_4227,ATCG
OTU_4253,ATCG
OTU_4293,ATCG
OTU_4305,ATCG
OTU_4348,ATCG
OTU_482,ATCG
OTU_4952,ATCG
OTU_5539,ATCG
OTU_5647,ATCG
OTU_5654,ATCG
OTU_5980,ATCG
OTU_717,ATCG
OTU_787,ATCG
OTU_3999,ATCG
OTU_4192,ATCG
OTU_4199,ATCG
OTU_5169,ATCG
OTU_2490,ATCG
OTU_5707,ATCG
OTU_1417,ATCG
OTU_3819,ATCG
OTU_2117,ATCG
OTU_1167,ATCG
OTU_1143,ATCG
OTU_1279,ATCG
OTU_1480,ATCG
OTU_1536,ATCG
OTU_1584,ATCG
OTU_1817,ATCG
OTU_2103,ATCG
OTU_2192,ATCG
OTU_2219,ATCG
OTU_2307,ATCG
OTU_2359,ATCG
OTU_2389,ATCG
OTU_2534,ATCG
OTU_259,ATCG
OTU_2738,ATCG
OTU_2761,ATCG
OTU_3327,ATCG
OTU_3356,ATCG
OTU_3746,ATCG
OTU_375,ATCG
OTU_3794,ATCG
OTU_3877,ATCG
OTU_4123,ATCG
OTU_4181,ATCG
OTU_4250,ATCG
OTU_454,ATCG
OTU_4569,ATCG
OTU_4645,ATCG
OTU_4810,ATCG
OTU_4945,ATCG
OTU_4959,ATCG
OTU_4975,ATCG
OTU_518,ATCG
OTU_5382,ATCG
OTU_5458,ATCG
OTU_5477,ATCG
OTU_5618,ATCG
OTU_5781,ATCG
OTU_869,ATCG
OTU_2290,ATCG
OTU_2868,ATCG
OTU_3024,ATCG
OTU_3137,ATCG
OTU_3404,ATCG
OTU_3979,ATCG
OTU_4284,ATCG
OTU_2663,ATCG
OTU_4882,ATCG
OTU_5010,ATCG
OTU_2017,ATCG
OTU_2969,ATCG
OTU_5066,ATCG
OTU_3084,ATCG
OTU_1827,ATCG
OTU_2747,ATCG
OTU_1038,ATCG
OTU_1239,ATCG
OTU_1265,ATCG
OTU_1308,ATCG
OTU_1476,ATCG
OTU_1633,ATCG
OTU_1845,ATCG
OTU_1926,ATCG
OTU_2020,ATCG
OTU_2299,ATCG
OTU_2499,ATCG
OTU_3071,ATCG
OTU_3093,ATCG
OTU_3165,ATCG
OTU_3292,ATCG
OTU_3321,ATCG
OTU_3452,ATCG
OTU_3497,ATCG
OTU_3559,ATCG
OTU_356,ATCG
OTU_3561,ATCG
OTU_3574,ATCG
OTU_3728,ATCG
OTU_3782,ATCG
OTU_3839,ATCG
OTU_4121,ATCG
OTU_4185,ATCG
OTU_4308,ATCG
OTU_4358,ATCG
OTU_442,ATCG
OTU_4771,ATCG
OTU_4984,ATCG
OTU_5075,ATCG
OTU_5081,ATCG
OTU_5545,ATCG
OTU_5608,ATCG
OTU_5700,ATCG
OTU_5776,ATCG
OTU_663,ATCG
OTU_818,ATCG
OTU_852,ATCG
OTU_868,ATCG
OTU_904,ATCG
OTU_957,ATCG
OTU_2316,ATCG
OTU_2630,ATCG
OTU_2975,ATCG
OTU_374,ATCG
OTU_4745,ATCG
OTU_4800,ATCG
OTU_5264,ATCG
OTU_1736,ATCG
OTU_3628,ATCG
OTU_4036,ATCG
OTU_5471,ATCG
OTU_795,ATCG
OTU_5116,ATCG
OTU_5489,ATCG
OTU_2529,ATCG
OTU_3544,ATCG
OTU_5946,ATCG
OTU_4579,ATCG
OTU_654,ATCG
OTU_3884,ATCG
OTU_3830,ATCG
OTU_2654,ATCG
OTU_3515,ATCG
OTU_3593,ATCG
OTU_4902,ATCG
OTU_234,ATCG
OTU_1008,ATCG
OTU_1056,ATCG
OTU_1248,ATCG
OTU_1408,ATCG
OTU_1467,ATCG
OTU_1549,ATCG
OTU_1669,ATCG
OTU_1703,ATCG
OTU_1835,ATCG
OTU_1924,ATCG
OTU_1931,ATCG
OTU_1963,ATCG
OTU_2023,ATCG
OTU_2097,ATCG
OTU_2151,ATCG
OTU_2285,ATCG
OTU_2594,ATCG
OTU_2617,ATCG
OTU_2624,ATCG
OTU_2913,ATCG
OTU_319,ATCG
OTU_3211,ATCG
OTU_3262,ATCG
OTU_3364,ATCG
OTU_3406,ATCG
OTU_3531,ATCG
OTU_3793,ATCG
OTU_3827,ATCG
OTU_3971,ATCG
OTU_4035,ATCG
OTU_4060,ATCG
OTU_4096,ATCG
OTU_4112,ATCG
OTU_4208,ATCG
OTU_4549,ATCG
OTU_4570,ATCG
OTU_4617,ATCG
OTU_4680,ATCG
OTU_4696,ATCG
OTU_4760,ATCG
OTU_486,ATCG
OTU_4993,ATCG
OTU_5002,ATCG
OTU_5027,ATCG
OTU_5115,ATCG
OTU_5247,ATCG
OTU_5263,ATCG
OTU_5304,ATCG
OTU_5478,ATCG
OTU_5572,ATCG
OTU_5711,ATCG
OTU_5724,ATCG
OTU_577,ATCG
OTU_5957,ATCG
OTU_5981,ATCG
OTU_619,ATCG
OTU_886,ATCG
OTU_1512,ATCG
OTU_2229,ATCG
OTU_2366,ATCG
OTU_3548,ATCG
OTU_5396,ATCG
OTU_5923,ATCG
OTU_838,ATCG
OTU_2368,ATCG
OTU_2648,ATCG
OTU_2694,ATCG
OTU_4297,ATCG
OTU_5433,ATCG
OTU_682,ATCG
OTU_2125,ATCG
OTU_2692,ATCG
OTU_488,ATCG
OTU_5938,ATCG
OTU_861,ATCG
OTU_2767,ATCG
OTU_4940,ATCG
OTU_4030,ATCG
OTU_540,ATCG
OTU_3853,ATCG
OTU_4402,ATCG
OTU_4014,ATCG
OTU_4876,ATCG
OTU_1957,ATCG
OTU_3687,ATCG
OTU_1740,ATCG
OTU_2828,ATCG
OTU_794,ATCG
OTU_1593,ATCG
OTU_4283,ATCG
OTU_4173,ATCG
OTU_1129,ATCG
OTU_1174,ATCG
OTU_1195,ATCG
OTU_1210,ATCG
OTU_1273,ATCG
OTU_1309,ATCG
OTU_1421,ATCG
OTU_1448,ATCG
OTU_1511,ATCG
OTU_1519,ATCG
OTU_1557,ATCG
OTU_1774,ATCG
OTU_1831,ATCG
OTU_1985,ATCG
OTU_1989,ATCG
OTU_2050,ATCG
OTU_2110,ATCG
OTU_2114,ATCG
OTU_2314,ATCG
OTU_2363,ATCG
OTU_2505,ATCG
OTU_2596,ATCG
OTU_2781,ATCG
OTU_2833,ATCG
OTU_2854,ATCG
OTU_2870,ATCG
OTU_2934,ATCG
OTU_3042,ATCG
OTU_316,ATCG
OTU_328,ATCG
OTU_3388,ATCG
OTU_3520,ATCG
OTU_3633,ATCG
OTU_3675,ATCG
OTU_3753,ATCG
OTU_3772,ATCG
OTU_3867,ATCG
OTU_3950,ATCG
OTU_4017,ATCG
OTU_4093,ATCG
OTU_4109,ATCG
OTU_4140,ATCG
OTU_4223,ATCG
OTU_4300,ATCG
OTU_4307,ATCG
OTU_4330,ATCG
OTU_4375,ATCG
OTU_4627,ATCG
OTU_4679,ATCG
OTU_4712,ATCG
OTU_4725,ATCG
OTU_479,ATCG
OTU_4815,ATCG
OTU_4828,ATCG
OTU_505,ATCG
OTU_5061,ATCG
OTU_5175,ATCG
OTU_5182,ATCG
OTU_5336,ATCG
OTU_5389,ATCG
OTU_5395,ATCG
OTU_5454,ATCG
OTU_5507,ATCG
OTU_5594,ATCG
OTU_5633,ATCG
OTU_5894,ATCG
OTU_5954,ATCG
OTU_5962,ATCG
OTU_655,ATCG
OTU_764,ATCG
OTU_874,ATCG
OTU_1144,ATCG
OTU_1792,ATCG
OTU_2309,ATCG
OTU_2876,ATCG
OTU_3423,ATCG
OTU_3682,ATCG
OTU_3783,ATCG
OTU_4826,ATCG
OTU_5117,ATCG
OTU_5375,ATCG
OTU_5621,ATCG
OTU_3248,ATCG
OTU_4374,ATCG
OTU_5456,ATCG
OTU_3097,ATCG
OTU_2997,ATCG
OTU_3962,ATCG
OTU_2623,ATCG
OTU_5233,ATCG
OTU_1830,ATCG
OTU_5514,ATCG
OTU_4335,ATCG
OTU_4701,ATCG
OTU_4835,ATCG
OTU_1894,ATCG
OTU_3050,ATCG
OTU_2207,ATCG
OTU_3275,ATCG
OTU_567,ATCG
OTU_2189,ATCG
OTU_3545,ATCG
OTU_4536,ATCG
OTU_1001,ATCG
OTU_2642,ATCG
OTU_5413,ATCG
OTU_2558,ATCG
OTU_3735,ATCG
OTU_1026,ATCG
OTU_1055,ATCG
OTU_1099,ATCG
OTU_1101,ATCG
OTU_1133,ATCG
OTU_1134,ATCG
OTU_1159,ATCG
OTU_1173,ATCG
OTU_1187,ATCG
OTU_1209,ATCG
OTU_1255,ATCG
OTU_1282,ATCG
OTU_1313,ATCG
OTU_1350,ATCG
OTU_1387,ATCG
OTU_1439,ATCG
OTU_1451,ATCG
OTU_1472,ATCG
OTU_1477,ATCG
OTU_1494,ATCG
OTU_1533,ATCG
OTU_1538,ATCG
OTU_1573,ATCG
OTU_1587,ATCG
OTU_1588,ATCG
OTU_1592,ATCG
OTU_1619,ATCG
OTU_1682,ATCG
OTU_1725,ATCG
OTU_1751,ATCG
OTU_1757,ATCG
OTU_1769,ATCG
OTU_1782,ATCG
OTU_1785,ATCG
OTU_1816,ATCG
OTU_1824,ATCG
OTU_1852,ATCG
OTU_1882,ATCG
OTU_1888,ATCG
OTU_1891,ATCG
OTU_1927,ATCG
OTU_1962,ATCG
OTU_2031,ATCG
OTU_2278,ATCG
OTU_2296,ATCG
OTU_2390,ATCG
OTU_2416,ATCG
OTU_2463,ATCG
OTU_2544,ATCG
OTU_2552,ATCG
OTU_2595,ATCG
OTU_2604,ATCG
OTU_2606,ATCG
OTU_2684,ATCG
OTU_2739,ATCG
OTU_2892,ATCG
OTU_2904,ATCG
OTU_2918,ATCG
OTU_2955,ATCG
OTU_2976,ATCG
OTU_3003,ATCG
OTU_3031,ATCG
OTU_3059,ATCG
OTU_3147,ATCG
OTU_3199,ATCG
OTU_3252,ATCG
OTU_3442,ATCG
OTU_3460,ATCG
OTU_3476,ATCG
OTU_3535,ATCG
OTU_3650,ATCG
OTU_3667,ATCG
OTU_3805,ATCG
OTU_3910,ATCG
OTU_3949,ATCG
OTU_3953,ATCG
OTU_3961,ATCG
OTU_4044,ATCG
OTU_4051,ATCG
OTU_4053,ATCG
OTU_4094,ATCG
OTU_4139,ATCG
OTU_4153,ATCG
OTU_418,ATCG
OTU_4195,ATCG
OTU_4236,ATCG
OTU_4237,ATCG
OTU_4274,ATCG
OTU_4369,ATCG
OTU_4403,ATCG
OTU_4444,ATCG
OTU_4452,ATCG
OTU_4481,ATCG
OTU_4586,ATCG
OTU_4603,ATCG
OTU_4637,ATCG
OTU_4663,ATCG
OTU_4692,ATCG
OTU_4708,ATCG
OTU_4798,ATCG
OTU_4806,ATCG
OTU_4814,ATCG
OTU_4836,ATCG
OTU_4839,ATCG
OTU_4853,ATCG
OTU_4881,ATCG
OTU_4901,ATCG
OTU_4914,ATCG
OTU_4920,ATCG
OTU_4924,ATCG
OTU_4950,ATCG
OTU_4974,ATCG
OTU_4985,ATCG
OTU_4992,ATCG
OTU_5030,ATCG
OTU_5036,ATCG
OTU_5040,ATCG
OTU_5093,ATCG
OTU_5095,ATCG
OTU_5119,ATCG
OTU_5211,ATCG
OTU_5257,ATCG
OTU_5354,ATCG
OTU_5435,ATCG
OTU_5504,ATCG
OTU_5528,ATCG
OTU_5541,ATCG
OTU_5555,ATCG
OTU_5584,ATCG
OTU_5622,ATCG
OTU_5720,ATCG
OTU_5722,ATCG
OTU_5735,ATCG
OTU_5782,ATCG
OTU_5788,ATCG
OTU_5890,ATCG
OTU_5904,ATCG
OTU_5990,ATCG
OTU_5999,ATCG
OTU_607,ATCG
OTU_658,ATCG
OTU_701,ATCG
OTU_712,ATCG
OTU_900,ATCG
OTU_1169,ATCG
OTU_1226,ATCG
OTU_1330,ATCG
OTU_1565,ATCG
OTU_1610,ATCG
OTU_163,ATCG
OTU_1734,ATCG
OTU_1992,ATCG
OTU_2013,ATCG
OTU_2052,ATCG
OTU_2060,ATCG
OTU_2062,ATCG
OTU_2121,ATCG
OTU_2202,ATCG
OTU_2238,ATCG
OTU_2413,ATCG
OTU_2559,ATCG
OTU_2662,ATCG
OTU_2728,ATCG
OTU_2745,ATCG
OTU_2822,ATCG
OTU_3195,ATCG
OTU_3454,ATCG
OTU_3892,ATCG
OTU_3951,ATCG
OTU_3989,ATCG
OTU_4025,ATCG
OTU_4170,ATCG
OTU_4252,ATCG
OTU_4474,ATCG
OTU_4581,ATCG
OTU_4647,ATCG
OTU_4929,ATCG
OTU_5196,ATCG
OTU_550,ATCG
OTU_5753,ATCG
OTU_5926,ATCG
OTU_776,ATCG
OTU_857,ATCG
OTU_954,ATCG
OTU_987,ATCG
OTU_1460,ATCG
OTU_1515,ATCG
OTU_2071,ATCG
OTU_2923,ATCG
OTU_3402,ATCG
OTU_3525,ATCG
OTU_3543,ATCG
OTU_4165,ATCG
OTU_4210,ATCG
OTU_4592,ATCG
OTU_4784,ATCG
OTU_5414,ATCG
OTU_5590,ATCG
OTU_859,ATCG
OTU_1271,ATCG
OTU_1394,ATCG
OTU_1537,ATCG
OTU_1582,ATCG
OTU_2177,ATCG
OTU_2525,ATCG
OTU_2796,ATCG
OTU_3451,ATCG
OTU_4126,ATCG
OTU_4532,ATCG
OTU_5048,ATCG
OTU_5256,ATCG
OTU_5811,ATCG
OTU_5827,ATCG
OTU_749,ATCG
OTU_1463,ATCG
OTU_1802,ATCG
OTU_2183,ATCG
OTU_2808,ATCG
OTU_3449,ATCG
OTU_4693,ATCG
OTU_1613,ATCG
OTU_5193,ATCG
OTU_5245,ATCG
OTU_923,ATCG
OTU_1435,ATCG
OTU_1498,ATCG
OTU_1591,ATCG
OTU_2492,ATCG
OTU_3532,ATCG
OTU_5289,ATCG
OTU_1319,ATCG
OTU_3902,ATCG
OTU_704,ATCG
OTU_1351,ATCG
OTU_1887,ATCG
OTU_2421,ATCG
OTU_4287,ATCG
OTU_4665,ATCG
OTU_1349,ATCG
OTU_3647,ATCG
OTU_4437,ATCG
OTU_3627,ATCG
OTU_4785,ATCG
OTU_1723,ATCG
OTU_1923,ATCG
OTU_2709,ATCG
OTU_5019,ATCG
OTU_2916,ATCG
OTU_3571,ATCG
OTU_4790,ATCG
OTU_831,ATCG
OTU_1630,ATCG
OTU_5487,ATCG
OTU_2616,ATCG
OTU_3852,ATCG
OTU_1768,ATCG
OTU_2461,ATCG
OTU_1372,ATCG
OTU_4963,ATCG
OTU_4175,ATCG
OTU_2691,ATCG
